<?xml version="1.0" encoding="UTF-8"?>
<!DOCTYPE suite SYSTEM "https://testng.org/testng-1.0.dtd">
<suite thread-count="2" parallel="tests" name="Suite">
  <test thread-count="2" parallel="tests" name="chrometest">
  <parameter name="MyValue" value="chrome"></parameter> 
    <classes>
      <class name="someSubject.MultipleNg"/>
    </classes>
  </test> 
  
  <test thread-count="2" parallel="tests" name="firetest">
  <parameter name="MyValue" value="firefox"></parameter> 
    <classes>
      <class name="someSubject.MultipleNg"/>
    </classes>
  </test> 
  
</suite> 